<?xml version="1.0" encoding="UTF-8"?>
<!DOCTYPE hibernate-configuration PUBLIC  
          "-//Hibernate/Hibernate Configuration DTD 3.0//EN"  
          "http://hibernate.sourceforge.net/hibernate-configuration-3.0.dtd">
           
<hibernate-configuration>
   	<session-factory>
   		<property name="connection.driver_class">com.mysql.cj.jdbc.Driver</property>
   		<property name="connection.url">jdbc:mysql://localhost:3306/MphasisDb</property>
   		<property name="dialect">org.hibernate.dialect.MySQL5Dialect</property>
   		<property name="connection.user">root</property>
   		<property name="connection.password">root</property>
   		<property name="show_sql">true</property>
   		<property name="hbm2ddl.auto">update</property>
<!-- 
<mapping class="com.relation.models.Employee"/>
<mapping class="com.relation.models.Address"/>
 -->
<mapping class="com.relation.models.Faculty"/>
<mapping class="com.relation.models.Courses"/>

   	</session-factory>
</hibernate-configuration>