<?xml version="1.0" encoding="UTF-8"?>
<!DOCTYPE hibernate-mapping PUBLIC 
"-//Hibernate/Hibernate Mapping DTD//EN"
"http://www.hibernate.org/dtd/hibernate-mapping-3.0.dtd">
 
   <hibernate-mapping>  
  <class name="com.hibernate.model.Student" table="StudentInfo">  
    
    <id name="rollno">  <!-- Specifies Primary key -->  
     <generator class="assigned"></generator>  
    </id>
    
    <property name="sname"  column="stdname"/>  
    <property name="course" />
    <property name="fees" />
  </class>  
 </hibernate-mapping>  
